Column,IV
grade,0.29343743776774295
purpose,0.0367971232337459
initial_list_status,0.021992480258047127
verification_status,0.021113218152639224
home_ownership,0.020745807755806367
